THEME_ID,THEME_NAME,PARENT_THEME,FIRST_YEAR,LATEST_YEAR,LIFESPAN_YEARS,TOTAL_SETS,AVG_PARTS,STATUS
541,Series 6 Minifigures,Collectible Minifigures,2012,2012,1,19,6.1,Retired
433,Minitalia,,1970,1977,8,19,93.5,Retired
635,Winnie the Pooh,Disney,1999,2025,27,19,21.2,Active
550,The Simpsons Series 1,Collectible Minifigures,2014,2014,1,19,4.7,Retired
480,Znap,,1998,1999,2,19,89.8,Retired
548,Series 12 Minifigures,Collectible Minifigures,2014,2014,1,19,6.2,Retired
553,The Simpsons Series 2,Collectible Minifigures,2015,2015,1,19,4.9,Retired
557,DFB Minifigures,Collectible Minifigures,2016,2016,1,19,5.1,Retired
611,Series 17 Minifigures,Collectible Minifigures,2017,2017,1,19,6.1,Retired
552,Series 14 Minifigures,Collectible Minifigures,2015,2015,1,19,5.4,Retired
298,Dino Island,Adventurers,2000,2000,1,19,93.6,Retired
536,Series 1 Minifigures,Collectible Minifigures,2010,2010,1,19,5.8,Retired
543,Series 8 Minifigures,Collectible Minifigures,2012,2012,1,19,6.3,Retired
640,Disney Princess,Disney,2012,2025,14,19,41.9,Active
438,Power Functions,,2008,2013,6,19,2.1,Retired
551,Series 13 Minifigures,Collectible Minifigures,2015,2015,1,19,6.1,Retired
542,Series 7 Minifigures,Collectible Minifigures,2012,2012,1,19,6.3,Retired
540,Series 5 Minifigures,Collectible Minifigures,2011,2011,1,19,5.6,Retired
539,Series 4 Minifigures,Collectible Minifigures,2011,2011,1,19,6.0,Retired
547,Series 11 Minifigures,Collectible Minifigures,2013,2014,2,19,5.8,Retired
646,Xtra,,2018,2021,4,19,24.6,Declining
537,Series 2 Minifigures,Collectible Minifigures,2010,2010,1,19,5.8,Retired
538,Series 3 Minifigures,Collectible Minifigures,2011,2011,1,19,5.8,Retired
554,Series 15 Minifigures,Collectible Minifigures,2016,2016,1,19,6.4,Retired
692,Series 20 Minifigures,Collectible Minifigures,2020,2020,1,19,6.7,Declining
684,DC Super Heroes,Collectible Minifigures,2020,2020,1,19,7.8,Declining
461,Hockey,Sports,2003,2004,2,19,66.3,Retired
144,UFO,Space,1997,1999,3,19,75.2,Retired
134,Insectoids,Space,1998,1999,2,19,84.8,Retired
691,Harry Potter and Fantastic Beasts Series 2,Collectible Minifigures,2020,2020,1,19,6.8,Declining
556,Series 16 Minifigures,Collectible Minifigures,2016,2016,1,19,6.5,Retired
641,Mickey & Friends,Disney,2012,2026,15,19,43.8,Active
132,Futuron,Space,1987,1990,4,19,128.9,Retired
549,The LEGO Movie,Collectible Minifigures,2014,2014,1,19,5.6,Retired
544,Series 9 Minifigures,Collectible Minifigures,2013,2013,1,19,5.6,Retired
90,Paradisa,Town,1992,1997,6,18,132.6,Retired
752,Animal Crossing,,2024,2026,3,18,263.6,Active
412,Airport,Legoland,1970,1978,9,18,53.3,Retired
566,The Lord of the Rings,The Hobbit and Lord of the Rings,2012,2013,2,18,429.5,Retired
619,Cities of Wonders,LEGO Brand Store,2017,2017,1,18,176.8,Retired
631,Thomas & Friends,Duplo,2005,2009,5,18,24.5,Retired
3,Competition,Technic,1998,2001,4,18,292.9,Retired
263,Pirates of the Caribbean,Disney,2011,2025,15,18,372.6,Active
750,Marvel Series 2,Collectible Minifigures,2023,2023,1,17,7.4,Declining
614,Jungle,City,2017,2025,9,17,285.5,Active
20,Throwbot Slizer,Technic,1999,2000,2,17,46.5,Retired
141,Space Police III,Space,2009,2010,2,17,249.8,Retired
774,Formula 1,Collectible Minifigures,2025,2025,1,17,20.5,Active
196,Kingdoms,Castle,2010,2012,3,17,290.2,Retired
386,Dinosaurs,,2001,2001,1,17,25.3,Retired
442,Rock Raiders,,1999,2000,2,17,83.4,Retired
305,Mission Deep Sea,Alpha Team,2002,2003,2,17,85.1,Retired
784,Spider-Man - Across the Spider-Verse,Collectible Minifigures,2025,2025,1,17,5.5,Active
471,Ferries,Promotional,1977,2019,43,17,235.0,Retired
793,Space,City,2024,2025,2,16,373.6,Active
700,Justice League,Super Heroes DC,2014,2018,5,16,331.4,Retired
786,Series 28 Minifigures,Collectible Minifigures,2026,2026,1,16,5.6,Active
704,Guardians of the Galaxy,Super Heroes Marvel,2014,2024,11,16,255.2,Active
278,Model Team,,1986,2004,19,16,683.0,Retired
19,Supplemental,Technic,1980,2010,31,16,63.8,Retired
91,Race,Town,2000,2001,2,16,76.1,Retired
771,Series 27 Minifigures,Collectible Minifigures,2025,2025,1,16,6.5,Active
743,Series 24 Minifigures,Collectible Minifigures,2023,2023,1,16,6.3,Declining
658,Dino,Duplo,1997,2008,12,16,37.8,Retired
755,Spidey and His Amazing Friends,Spider-Man,2022,2026,5,16,124.6,Active
725,Series 23 Minifigures,Collectible Minifigures,2022,2022,1,16,6.3,Declining
762,Series 26 Minifigures,Collectible Minifigures,2024,2024,1,16,6.8,Active
195,Fright Knights,Castle,1997,1998,2,16,92.9,Retired
720,The Muppets,Collectible Minifigures,2022,2022,1,16,5.4,Declining
767,Dungeons & Dragons,Collectible Minifigures,2024,2024,1,16,7.1,Active
714,Looney Tunes,Collectible Minifigures,2021,2021,1,16,5.7,Declining
573,Constraction,Legends of Chima,2013,2014,2,16,53.4,Retired
795,Series 29 Minifigures,Collectible Minifigures,2026,2026,1,16,0.0,Active
753,Series 25 Minifigures,Collectible Minifigures,2024,2024,1,16,6.5,Active
661,Little Robots,Duplo,2003,2004,2,16,12.4,Retired
729,Airlines,Promotional,1976,2015,40,16,60.4,Retired
718,Series 22 Minifigures,Collectible Minifigures,2022,2022,1,16,7.1,Declining
715,Marvel Series 1,Collectible Minifigures,2021,2021,1,16,7.6,Declining
712,Series 21 Minifigures,Collectible Minifigures,2021,2021,1,16,6.2,Declining
143,Supplemental,Space,1979,1994,16,15,18.9,Retired
153,Pirates II,Pirates,2009,2013,5,15,247.1,Retired
209,Star Wars,Advent,2011,2025,15,15,295.1,Active
303,Ultra Agents,Agents,2014,2015,2,15,422.1,Retired
655,Powered Up,Power Functions,2018,2025,8,15,1.5,Active
701,Superman,Super Heroes DC,2011,2025,15,15,102.1,Active
216,Friends,Advent,2012,2025,14,14,277.5,Active
388,Mickey Mouse,Disney,2000,2025,26,14,115.6,Active
188,Black Knights,Castle,1988,1998,11,14,144.1,Retired
558,Monster Fighters,,2012,2012,1,14,392.1,Retired
520,RCX,Mindstorms,1998,2005,8,14,395.9,Retired
272,SpongeBob SquarePants,,2006,2012,7,14,313.4,Retired
129,Blacktron II,Space,1991,1993,3,14,103.9,Retired
253,Skylines,Architecture,2016,2022,7,14,520.6,Declining
647,Castle,Duplo,2004,2014,11,13,86.5,Retired
407,Island Xtreme Stunts,,2002,2003,2,13,81.1,Retired
787,Editions,,2026,2026,1,13,333.8,Active
262,EV3,Mindstorms,2013,2013,1,13,49.9,Retired
302,Agents,,2008,2009,2,13,434.1,Retired
190,Dragon Knights,Castle,1993,1998,6,13,112.1,Retired
664,Toolo,Duplo,1992,1996,5,13,29.4,Retired
